"id","method","quantity","js","r","abs_diff","rel_diff","tol","kind","pass"
"desc_math_student","descriptive","mean",507.844861764203,507.844861764203,0,0,1e-04,"rel",TRUE
"desc_math_student","descriptive","sd",83.1130754520204,83.1130754520204,0,0,1e-04,"rel",TRUE
"desc_math_student","descriptive","p10",399.469,399.469,0,0,1e-04,"rel",TRUE
"desc_math_student","descriptive","p50",510.838,510.838,0,0,1e-04,"rel",TRUE
"desc_math_student","descriptive","p90",613.32,613.32,0,0,1e-04,"rel",TRUE
"ineq_math_student","inequality","gini",0.0925606791983379,0.0925606791983384,4.71844785465692e-16,5.09768067339508e-15,5e-04,"rel",TRUE
"ineq_math_student","inequality","cv",0.16365839591897,0.16365839591897,0,0,1e-04,"rel",TRUE
"desc_math_none","descriptive","mean",508.175523101432,508.175523101432,0,0,1e-04,"rel",TRUE
"desc_math_none","descriptive","sd",82.7557426911329,82.7557426911329,0,0,1e-04,"rel",TRUE
"desc_math_none","descriptive","p10",400.279,400.279,0,0,1e-04,"rel",TRUE
"desc_math_none","descriptive","p50",511.081,511.081,0,0,1e-04,"rel",TRUE
"desc_math_none","descriptive","p90",613.182,613.182,0,0,1e-04,"rel",TRUE
"ineq_math_none","inequality","gini",0.0920901436485422,0.0920901436485387,3.51108031537706e-15,3.81265592198126e-14,5e-04,"rel",TRUE
"ineq_math_none","inequality","cv",0.162848738140847,0.162848738140847,0,0,1e-04,"rel",TRUE
"desc_reading_student","descriptive","mean",519.658615549249,519.658615549249,0,0,1e-04,"rel",TRUE
"desc_reading_student","descriptive","sd",99.8328160078488,99.8328160078488,0,0,1e-04,"rel",TRUE
"desc_reading_student","descriptive","p10",383.399,383.399,0,0,1e-04,"rel",TRUE
"desc_reading_student","descriptive","p50",526.667,526.667,0,0,1e-04,"rel",TRUE
"desc_reading_student","descriptive","p90",642.973,642.973,0,0,1e-04,"rel",TRUE
"ineq_reading_student","inequality","gini",0.108418239062105,0.108418239062106,1.01307850997046e-15,9.3441704895255e-15,5e-04,"rel",TRUE
"ineq_reading_student","inequality","cv",0.192112308004999,0.192112308004999,0,0,1e-04,"rel",TRUE
"desc_reading_none","descriptive","mean",519.943965303593,519.943965303593,0,0,1e-04,"rel",TRUE
"desc_reading_none","descriptive","sd",99.5715068327912,99.5715068327912,0,0,1e-04,"rel",TRUE
"desc_reading_none","descriptive","p10",384.708,384.708,0,0,1e-04,"rel",TRUE
"desc_reading_none","descriptive","p50",526.771,526.771,0,0,1e-04,"rel",TRUE
"desc_reading_none","descriptive","p90",642.826,642.826,0,0,1e-04,"rel",TRUE
"ineq_reading_none","inequality","gini",0.108024931405772,0.108024931405771,9.57567358739198e-16,8.8643181372855e-15,5e-04,"rel",TRUE
"ineq_reading_none","inequality","cv",0.191504303304399,0.191504303304399,0,0,1e-04,"rel",TRUE
"desc_science_student","descriptive","mean",519.151102278547,519.151102278547,0,0,1e-04,"rel",TRUE
"desc_science_student","descriptive","sd",95.967526338685,95.967526338685,0,0,1e-04,"rel",TRUE
"desc_science_student","descriptive","p10",388.568,388.568,0,0,1e-04,"rel",TRUE
"desc_science_student","descriptive","p50",524.41,524.41,0,0,1e-04,"rel",TRUE
"desc_science_student","descriptive","p90",639.833,639.833,0,0,1e-04,"rel",TRUE
"ineq_science_student","inequality","gini",0.104582379981557,0.104582379981558,1.19348975147204e-15,1.14119582254917e-14,5e-04,"rel",TRUE
"ineq_science_student","inequality","cv",0.184854709770402,0.184854709770402,0,0,1e-04,"rel",TRUE
"desc_science_none","descriptive","mean",519.427018941406,519.427018941406,0,0,1e-04,"rel",TRUE
"desc_science_none","descriptive","sd",95.945154188777,95.945154188777,0,0,1e-04,"rel",TRUE
"desc_science_none","descriptive","p10",388.763,388.763,0,0,1e-04,"rel",TRUE
"desc_science_none","descriptive","p50",524.412,524.412,0,0,1e-04,"rel",TRUE
"desc_science_none","descriptive","p90",640.286,640.286,0,0,1e-04,"rel",TRUE
"ineq_science_none","inequality","gini",0.104469056975336,0.104469056975337,1.13797860024079e-15,1.08929728398854e-14,5e-04,"rel",TRUE
"ineq_science_none","inequality","cv",0.184713445181026,0.184713445181026,0,0,1e-04,"rel",TRUE
"grad_student","gradient","beta",35.8525097998939,35.8525097998939,0,0,1e-04,"rel",TRUE
"gap_student","achievement_gap","gap",75.9961746989963,75.9961746989963,0,0,0.001,"rel",TRUE
"grad_none","gradient","beta",35.8151428242395,35.8151428242395,0,0,1e-04,"rel",TRUE
"gap_none","achievement_gap","gap",75.6182266187051,75.6182266187051,0,0,0.001,"rel",TRUE
"vardecomp_student","variance_decomposition","icc",0.13521766485225,0.13521766485225,0,0,1e-04,"rel",TRUE
"vardecomp_student","variance_decomposition","betweenVariance",1255.99790604627,1255.99790604627,0,0,0.001,"rel",TRUE
"vardecomp_student","variance_decomposition","totalVariance",9288.71170359793,9288.71170359793,0,0,0.001,"rel",TRUE
"vardecomp_none","variance_decomposition","icc",0.181363395281029,0.181363395281029,0,0,1e-04,"rel",TRUE
"vardecomp_none","variance_decomposition","betweenVariance",1744.2481212107,1744.2481212107,0,0,0.001,"rel",TRUE
"vardecomp_none","variance_decomposition","totalVariance",9617.42097134832,9617.42097134832,0,0,0.001,"rel",TRUE
"ols_SINGLE_none","pooled_ols","b_escs",35.852509830393,35.8525097998938,3.04992227029288e-08,8.50685848024486e-10,1e-04,"rel",TRUE
"ols_SINGLE_none","pooled_ols","se_escs",1.31244947583027,1.31244947602496,1.94694482757996e-10,1.48344363965666e-10,1e-04,"rel",TRUE
"ols_SINGLE_none","pooled_ols","r2",0.118426381740648,0.118426381740646,1.69309011255336e-15,1.42965620300824e-14,1e-04,"rel",TRUE
"ols_SINGLE_none","pooled_ols","nobs",5557,5557,0,0,0,"abs",TRUE
"ols_SINGLE_gender","pooled_ols","b_escs",35.8406797015622,35.8406796631533,3.84088849614272e-08,1.07165615502862e-09,1e-04,"rel",TRUE
"ols_SINGLE_gender","pooled_ols","se_escs",1.31221529686846,1.31221529711864,2.50187648376254e-10,1.90660518076275e-10,1e-04,"rel",TRUE
"ols_SINGLE_gender","pooled_ols","r2",0.118922492010522,0.11892249201052,2.38697950294409e-15,2.00717245542831e-14,1e-04,"rel",TRUE
"ols_SINGLE_gender","pooled_ols","nobs",5557,5557,0,0,0,"abs",TRUE
"ols_MULTI_none","pooled_ols","b_escs",37.1274264431014,37.1274264663591,2.32576553571562e-08,6.2642788824132e-10,1e-04,"rel",TRUE
"ols_MULTI_none","pooled_ols","se_escs",0.433347574666872,0.433347574706085,3.92129106963068e-11,9.04883585027624e-11,1e-04,"rel",TRUE
"ols_MULTI_none","pooled_ols","r2",0.207241309326244,0.207241309326242,2.19269047363468e-15,1.05803735788164e-14,1e-04,"rel",TRUE
"ols_MULTI_none","pooled_ols","nobs",28081,28081,0,0,0,"abs",TRUE
"ols_MULTI_gender","pooled_ols","b_escs",37.0211466000496,37.0211466247915,2.47419009724581e-08,6.68318062193393e-10,1e-04,"rel",TRUE
"ols_MULTI_gender","pooled_ols","se_escs",0.432914704343639,0.432914704390396,4.67574867712983e-11,1.08006233784873e-10,1e-04,"rel",TRUE
"ols_MULTI_gender","pooled_ols","r2",0.209458076574545,0.209458076574558,1.30728761149612e-14,6.24128528665632e-14,1e-04,"rel",TRUE
"ols_MULTI_gender","pooled_ols","nobs",28081,28081,0,0,0,"abs",TRUE
"fe_student","fixed_effects","b_escs",31.6573925716592,31.657392577839,6.17973228145274e-09,1.95206609838699e-10,1e-04,"rel",TRUE
"fe_student","fixed_effects","se_escs",0.469470067075632,0.469470067244178,1.6854589945936e-10,3.59013089905255e-10,1e-04,"rel",TRUE
"fe_student","fixed_effects","r2",0.254740853651639,0.254740853651643,4.32986979603811e-15,1.69971550851407e-14,0.001,"rel",TRUE
"fe_none","fixed_effects","b_escs",31.4048674885865,31.404867495773,7.18645765118708e-09,2.2883260539642e-10,1e-04,"rel",TRUE
"fe_none","fixed_effects","se_escs",0.508335157062249,0.508335157238954,1.76705539089994e-10,3.47616206696736e-10,1e-04,"rel",TRUE
"fe_none","fixed_effects","r2",0.278518192002214,0.278518192002218,4.2188474935756e-15,1.51474755140662e-14,0.001,"rel",TRUE
"re_none","random_effects","b_escs",31.4256366295706,31.425666228228,2.95986574023743e-05,9.41862526872617e-07,0.005,"rel",TRUE
"re_none","random_effects","se_escs",0.50822735681526,0.508227254824803,1.01990456302659e-07,2.00678840684797e-07,0.05,"rel",TRUE
"hausman_none","hausman","chi2",3.93625497015073,3.94374229365945,0.00748732350872316,0.00189853265025986,0.01,"rel",TRUE
"bp_single","breusch_pagan","statistic",24.707900331675,24.7079003245995,7.07542113786985e-09,2.8636270362583e-10,0.01,"rel",TRUE
"bp_single","breusch_pagan","df",2,2,0,0,0,"abs",TRUE
"vif_single","vif","escs",1.00004019176351,1.00004019176351,2.22044604925031e-15,2.22035680919453e-15,0.001,"rel",TRUE
"vif_single","vif","Female",1.00004019176355,1.00004019176351,3.41948691584548e-14,3.41934948615957e-14,0.001,"rel",TRUE
"cooks_single","cooks_distance","sum",1.02668221756217,1.02668221753679,2.53845833242394e-11,2.47248689912464e-11,0.01,"rel",TRUE
"cooks_single","cooks_distance","max",0.00873516472583758,0.00873516473349156,7.65397814572744e-12,8.76225964735532e-10,0.01,"rel",TRUE
